id,description
1,"A bright, sun-soaked pop anthem from Neon Echo featuring bouncy synths and a soaring chorus that feels like rolling down the highway with the windows down. The track radiates pure summer optimism, perfect for road trips, beach days, or any moment that needs an instant mood lift."
2,"A laid-back lofi instrumental from LoRoom built around dusty piano loops, warm tape hiss, and a slow, hypnotic beat. Imagine raindrops on a window during a late-night study session — this is the soundtrack for quiet focus, coffee shop afternoons, and gentle introspection."
3,"A high-octane rock track from Voltline driven by crunching guitars, pounding drums, and an almost confrontational energy. Picture a stormy late-night drive at full speed — this song is built for intensity, workouts, and moments when you need to channel raw power."
4,"A soft, atmospheric lofi piece from Paper Lanterns featuring delicate piano, library-like ambience, and the gentle hum of distant rain. It's the kind of track that wraps around you like a warm blanket, ideal for reading, journaling, or winding down after a long day."
5,"An adrenaline-fueled pop banger from Max Pulse with thumping bass, soaring vocals, and a relentlessly catchy hook. This is gym territory — the song that gets you through the last set, the final mile, or any moment where you need to push past your limit."
6,"A dreamy ambient piece from Orbit Bloom built on shimmering synths, weightless pads, and a slow, drifting tempo. It evokes the quiet wonder of staring at stars or watching clouds pass — perfect for meditation, deep work, or losing yourself in thought."
7,"A smooth jazz number from Slow Stereo featuring relaxed brushed drums, a walking bassline, and warm saxophone melodies. This is your Sunday morning soundtrack — coffee in hand, sunlight on the floor, and absolutely nowhere to be."
8,"A moody synthwave track from Neon Echo with retro-futuristic synths, propulsive drum machines, and a cinematic feel reminiscent of an 80s neon-lit cityscape. Best enjoyed during late-night drives or coding sessions when you want to feel like the protagonist of your own story."
9,"A focused lofi study track from LoRoom layering minimalist beats, soft guitar plucks, and ambient texture. It exists in that sweet spot between background music and active listening — perfect for productive work sessions where you need to lock in without distraction."
10,"A radiant indie pop gem from Indigo Parade with shimmering guitars, joyful harmonies, and a chorus that practically bursts with sunshine. It's the musical equivalent of a perfect afternoon — warm, breezy, and impossible not to smile to."
11,"An electrifying electronic track from Sahara Beats blending Middle Eastern melodic motifs with pulsing dance beats and infectious energy. Built for festivals and late-night dance floors, it brings global flavor and pure adrenaline in equal measure."
12,"A sun-drenched reggae track from Kingston Roots featuring laid-back guitar skanks, a deep groovy bass, and uplifting harmonies that feel like an island breeze. Perfect for backyard hangs, beach days, and anyone who needs a little more positivity in their day."
13,"A heart-aching country ballad from Dusty Miller built on weeping pedal steel, simple acoustic guitar, and storytelling vocals. This is a song for late-night drives down empty highways, processing heartbreak, or just feeling something real and unhurried."
14,"A serene ambient soundscape from Deep Sleep using soft drones, gentle nature sounds, and a barely-there melody designed to ease the mind. It's the auditory equivalent of a still pond at dawn — perfect for sleep, meditation, or moments of complete stillness."
15,"A sweeping orchestral epic from Vienna Virtuosos featuring soaring strings, thunderous percussion, and the kind of climactic build that gives you goosebumps. Ideal for cinematic moments, focused deep work, or anytime you want to feel like the hero of your own story."
16,"A laid-back hip-hop track from MC Flowstate built on jazzy samples, head-nodding boom-bap drums, and thoughtful, conversational lyricism. It's a head-down-bobbing groove perfect for chill afternoons, walks through the city, or relaxed creative work."
17,"A nostalgic indie pop track from Golden Hour with warm guitars, dreamy reverb, and lyrics that evoke fading summers and bittersweet memories. Listen at golden hour and you'll feel time slow down — perfect for reflection, road trips, or quiet evenings alone."
18,"A ferocious metal track from Serpent's Kiss with shredding guitars, double-bass drum onslaughts, and roaring vocals that demand attention. Built for the gym, intense focus sessions, or anyone who needs to channel anger and intensity into pure adrenaline."
19,"A soulful blues number from Muddy Waters Jr. featuring weeping guitar bends, deep emotive vocals, and a slow-burning rhythm steeped in tradition. It's a late-night-on-the-porch kind of song, perfect for processing emotions or appreciating raw musical craftsmanship."
20,"A funky groove machine from The Groove Masters bursting with slap bass, horn stabs, and an irresistibly danceable rhythm. This track exists for one reason: to make you move. Perfect for parties, cooking sessions, or instantly upgrading any room's energy."
21,"A sultry R&B track from Serena Soul featuring smooth velvet vocals, lush production, and a slow-burning groove that oozes confidence. Ideal for date nights, candlelit dinners, or any moment that calls for a little extra elegance."
22,"A heartfelt folk ballad from The Wandering Minstrel built on fingerpicked acoustic guitar, gentle vocals, and lyrics that paint vivid stories of travel and longing. Perfect for cozy evenings, long walks in nature, or anyone who appreciates the art of storytelling through song."
23,"A relentless techno track from DJ Klaus with hypnotic 4-on-the-floor beats, industrial textures, and a driving energy built for underground clubs. This is peak-time dance floor music — perfect for workouts, late-night drives, or any moment that demands forward motion."
24,"A soaring gospel anthem from The Gospel Choir featuring uplifting harmonies, powerful organ, and a sense of communal joy that fills any room. It's a song that lifts the spirit, perfect for moments of celebration, contemplation, or simply needing some hope."
25,"An infectious ska track from The Upbeats with off-beat guitar chops, punchy horn lines, and a playful, propulsive energy. Built to make you skank, smile, and move — perfect for sunny days, parties, or anytime you need a serotonin boost."
26,"A vibrant world music fusion from World Beat Ensemble blending global rhythms, exotic instrumentation, and rhythmic textures from across continents. It's a passport in audio form — perfect for cultural exploration, dance floors, or expanding your musical horizons."
27,"A meditative new age piece from Enya's Cousin featuring ethereal vocals, flowing harp, and otherworldly atmospheric textures. It transports you somewhere mystical and timeless — ideal for yoga, deep meditation, or quiet moments of inner reflection."
